<?xml version="1.0" encoding="ISO-8859-1"?>
<patient_details xmlns:xsi="http://www.w3.org/2001/XMLSchema-instance"
    xsi:noNamespaceSchemaLocation="patient.xsd"><!-- this is the table name-->
<patients patient_id="P001"><!-- this element will represnet first row of the table-->
	<pname>Rajeev Singh</pname>
	<gender>M</gender>
	<ailment>ENT</ailment>
	<doctorId>1001</doctorId>
</patients>

<patients patient_id="P002"><!-- this element will represnet second row of the table-->
	<pname>Sonam Gupta</pname>
	<gender>F</gender>
	<ailment>Ortho</ailment>
	<doctorId>1005</doctorId>
</patients>

<patients patient_id="P003"><!-- this element will represnet third row of the table-->
	<pname>Seema Sharam</pname>
	<gender>F</gender>
	<ailment>Surgeon</ailment>
	<doctorId>1001</doctorId>
</patients>

<patients patient_id="P004"><!-- this element will represnet fourth row of the table-->
	<pname>Kamal Singh</pname>
	<gender>F</gender>
	<ailment>ENT</ailment>
	<doctorId>1001</doctorId>
</patients>

<patients patient_id="P005"><!-- this element will represnet fifth row of the table-->
	<pname>Kuldeep Bansal</pname>
	<gender>M</gender>
	<ailment>Ortho</ailment>
	<doctorId>1004</doctorId>
</patients>
</patient_details>