<?xml version="1.0" encoding="ISO-8859-1" ?>

<order_Details xmlns:xs="http://www.w3.org/2001/XMLSchema-instance" 
    xs:noNamespaceSchemaLocation="orders.xsd">
	
	<order>	
		<orderId>OR001</orderId>
		<pname>Laptop</pname>
		<qty>4</qty>
		<priceNumber>3000</priceNumber>
		<customerNumber>1001</customerNumber>
	</order>
	<order>	
		<orderId>OR002</orderId>
		<pname>Mobile</pname>
		<qty>1</qty>
		<priceNumber>4000</priceNumber>
		<customerNumber>1001</customerNumber>
	</order>	
	<order>	
		<orderId>OR003</orderId>
		<pname>Cosmetics</pname>
		<qty>2</qty>
		<priceNumber>8000</priceNumber>
		<customerNumber>1001</customerNumber>
	</order>
	<order>	
		<orderId>OR004</orderId>
		<pname>Cosmetics</pname>
		<qty>2</qty>
		<priceNumber>2000</priceNumber>
		<customerNumber>1003</customerNumber>
	</order>
	<order>	
		<orderId>OR005</orderId>
		<pname>Mobile</pname>
		<qty>4</qty>
		<priceNumber>6000</priceNumber>
		<customerNumber>1003</customerNumber>
	</order>
	<order>	
		<orderId>OR006</orderId>
		<pname>USB Cable</pname>
		<qty>2</qty>
		<priceNumber>600</priceNumber>
		<customerNumber>1002</customerNumber>
	</order>
	<order>	
		<orderId>OR007</orderId>
		<pname>USB Cable</pname>
		<qty>4</qty>
		<priceNumber>600</priceNumber>
		<customerNumber>1003</customerNumber>
	</order>
</order_Details>